ObjName,Filename,UT_Date,Instrument,Min,Max,Reference
SN 2008hm,sn2008hm-20081231.311-ui.flm,20081231.311,Kast,3452.0,10700.0,
SN 2008hv,sn2008hv-20081231.378-ui.flm,20081231.378,Kast,3452.0,10700.0,
SN 2008hy,sn2008hy-20090105.155-ui.flm,20090105.155,Kast,3400.0,10700.0,
SN 2009D,sn2009d-20090105.184-ui.flm,20090105.184,Kast,3390.0,10700.0,
SN 2009Y,sn2009y-20090219.665-br.flm,20090219.665,LRIS,3270.0,9270.0,
SN 2009Y,sn2009y-20090329.532-ui.flm,20090329.532,Kast,3410.0,10100.0,
SN 2009Y,sn2009y-20090418.416-ui.flm,20090418.416,Kast,3454.0,9900.0,
SN 2009V,sn2009v-20090219.605-br.flm,20090219.605,LRIS,3388.0,9270.0,
SN 2009ae,sn2009ae-20090219.677-br.flm,20090219.677,LRIS,3270.0,9270.0,
SN 2009an,sn2009an-20090329.507-ui.flm,20090329.507,Kast,3410.0,10100.0,
SN 2009an,sn2009an-20090418.318-ui.flm,20090418.318,Kast,3454.0,9900.0,
SN 2009bp,sn2009bp-20090329.251-ui.flm,20090329.251,Kast,3410.0,10100.0,
SN 2009bs,sn2009bs-20090329.223-ui.flm,20090329.223,Kast,3410.0,10100.0,
SN 2009bs,sn2009bs-20090418.350-ui.flm,20090418.35,Kast,3454.0,9900.0,
SN 2009bv,sn2009bv-20090418.249-ui.flm,20090418.249,Kast,3454.0,9900.0,
SN 2009cz,sn2009cz-20090418.214-ui.flm,20090418.214,Kast,3454.0,9900.0,
SN 2009dc,sn2009dc-20090418.481-ui.flm,20090418.481,Kast,3454.0,9900.0,2011MNRAS.410..585S
SN 2009dc,sn2009dc-20090531.341-ui.flm,20090531.341,Kast,3420.0,10600.0,2011MNRAS.410..585S
SN 2009dc,sn2009dc-20090617.506-br.flm,20090617.506,LRIS,3392.0,10260.0,2011MNRAS.410..585S
SN 2009dc,sn2009dc-20090629.287-ui.flm,20090629.287,Kast,3440.0,10780.0,2011MNRAS.410..585S
SN 2009dc,sn2009dc-20090716.303-ui.flm,20090716.303,Kast,3460.0,10760.0,2011MNRAS.410..585S
SN 2009dc,sn2009dc-20090723.234-ui.flm,20090723.234,Kast,3480.0,10760.0,2011MNRAS.410..585S
SN 2009dc,sn2009dc-20090728.279-ui.flm,20090728.279,Kast,3492.0,10714.0,2011MNRAS.410..585S
SN 2009dc,sn2009dc-20090814.229-ui.flm,20090814.229,Kast,3488.0,10086.0,2011MNRAS.410..585S
SN 2009do,sn2009do-20090518.342-ui.flm,20090518.342,Kast,3512.0,9860.0,
SN 2009ds,sn2009ds-20090518.283-ui.flm,20090518.283,Kast,3472.0,10700.0,
SN 2009en,sn2009en-20090518.368-ui.flm,20090518.368,Kast,3476.0,10700.0,
SN 2009en,sn2009en-20090531.254-ui.flm,20090531.254,Kast,3420.0,9772.0,
SN 2009ep,sn2009ep-20090528.208-ui.flm,20090528.208,Kast,3438.0,10700.0,
SN 2009ep,sn2009ep-20090531.217-ui.flm,20090531.217,Kast,3454.0,10566.0,
SN 2009eq,sn2009eq-20090528.423-ui.flm,20090528.423,Kast,3438.0,10700.0,
SN 2009eq,sn2009eq-20090531.422-ui.flm,20090531.422,Kast,3494.0,9900.0,
SN 2009eq,sn2009eq-20090617.610-br.flm,20090617.61,LRIS,3458.0,10260.0,
SN 2009ew,sn2009ew-20090528.304-ui.flm,20090528.304,Kast,3472.0,9842.0,
SN 2009ew,sn2009ew-20090531.318-ui.flm,20090531.318,Kast,3420.0,9886.0,
SN 2009eu,sn2009eu-20090528.393-ui.flm,20090528.393,Kast,3438.0,10700.0,
SN 2009ft,sn2009ft-20090528.266-ui.flm,20090528.266,Kast,3438.0,10700.0,
SN 2009fx,sn2009fx-20090624.339-ui.flm,20090624.339,Kast,3470.0,10098.0,
SN 2009fl,sn2009fl-20090531.377-ui.flm,20090531.377,Kast,3446.0,10148.0,
SN 2009fl,sn2009fl-20090624.416-ui.flm,20090624.416,Kast,3504.0,9900.0,
SN 2009fu,sn2009fu-20090624.485-ui.flm,20090624.485,Kast,3474.0,10700.0,
SN 2009fy,sn2009fy-20090616.507-ui.flm,20090616.507,Kast,3460.0,10000.0,
SN 2009fy,sn2009fy-20090624.468-ui.flm,20090624.468,Kast,3548.0,9910.0,
SN 2009fv,sn2009fv-20090616.340-ui.flm,20090616.34,Kast,3460.0,9716.0,
SN 2009fv,sn2009fv-20090624.271-ui.flm,20090624.271,Kast,3496.0,10016.0,
SN 2009fv,sn2009fv-20090629.305-ui.flm,20090629.305,Kast,3440.0,10770.0,
SN 2009gq,sn2009gq-20090629.469-ui.flm,20090629.469,Kast,3440.0,10218.0,
SN 2009fw,sn2009fw-20090616.447-ui.flm,20090616.447,Kast,3602.0,9910.0,
SN 2009fw,sn2009fw-20090617.617-br.flm,20090617.617,LRIS,3398.0,10270.0,
SN 2009fw,sn2009fw-20090624.442-ui.flm,20090624.442,Kast,3500.0,10156.0,
SN 2009fw,sn2009fw-20090629.390-ui.flm,20090629.39,Kast,3440.0,10760.0,
SN 2009gf,sn2009gf-20090616.237-ui.flm,20090616.237,Kast,3460.0,10000.0,
SN 2009gf,sn2009gf-20090624.252-ui.flm,20090624.252,Kast,3470.0,10206.0,
SN 2009gf,sn2009gf-20090629.251-ui.flm,20090629.251,Kast,3440.0,10770.0,
SN 2009gs,sn2009gs-20090629.414-ui.flm,20090629.414,Kast,3440.0,10770.0,
SN 2009gs,sn2009gs-20090716.439-ui.flm,20090716.439,Kast,3460.0,10760.0,
SN 2009gs,sn2009gs-20090723.360-ui.flm,20090723.36,Kast,3548.0,9914.0,
SN 2009he,sn2009he-20090716.267-ui.flm,20090716.267,Kast,3460.0,10760.0,
SN 2009hi,sn2009hi-20090716.468-ui.flm,20090716.468,Kast,3494.0,10652.0,
SN 2009hi,sn2009hi-20090723.465-ui.flm,20090723.465,Kast,3512.0,10080.0,
SN 2009hi,sn2009hi-20090728.405-ui.flm,20090728.405,Kast,3450.0,10780.0,
SN 2009hk,sn2009hk-20090716.377-ui.flm,20090716.377,Kast,3544.0,10618.0,
SN 2009hl,sn2009hl-20090716.336-ui.flm,20090716.336,Kast,3460.0,10760.0,
SN 2009hl,sn2009hl-20090723.291-ui.flm,20090723.291,Kast,3480.0,10104.0,
SN 2009hn,sn2009hn-20090728.466-ui.flm,20090728.466,Kast,3452.0,10780.0,
SN 2009ho,sn2009ho-20090728.439-ui.flm,20090728.439,Kast,3450.0,10780.0,
SN 2009hp,sn2009hp-20090728.488-ui.flm,20090728.488,Kast,3452.0,10780.0,
SN 2009hs,sn2009hs-20090814.373-ui.flm,20090814.373,Kast,3434.0,10760.0,
SN 2009hr,sn2009hr-20090814.339-ui.flm,20090814.339,Kast,3434.0,10770.0,
PTF 09dlc,ptf09dlc-20090828.336-ui.flm,20090828.336,Kast,3430.0,10600.0,
PTF 09dlc,ptf09dlc-20090919.269-ui.flm,20090919.269,Kast,3450.0,10124.0,
SN 2009jb,ptf09dnl-20090828.266-ui.flm,20090828.266,Kast,3430.0,10600.0,
SN 2009jb,ptf09dnl-20090926.188-ui.flm,20090926.188,Kast,3440.0,10400.0,
SN 2009jb,ptf09dnl-20091012.175-ui.flm,20091012.175,Kast,3664.0,9976.0,
PTF 09dnp,ptf09dnp-20090828.178-ui.flm,20090828.178,Kast,3430.0,10600.0,
PTF 09dnp,ptf09dnp-20090919.221-ui.flm,20090919.221,Kast,3450.0,10224.0,
SN 2009ig,sn2009ig-20090822.508-ui.flm,20090822.508,Kast,3420.0,10920.0,2012ApJ...744...38F
SN 2009ig,sn2009ig-20090822.628-br.flm,20090822.628,LRIS,3100.0,7960.0,2012ApJ...744...38F
SN 2009ig,sn2009ig-20090824.518-ui.flm,20090824.518,Kast,3528.0,10118.0,2012ApJ...744...38F
SN 2009ig,sn2009ig-20090825.522-ui.flm,20090825.522,Kast,3528.0,10158.0,2012ApJ...744...38F
SN 2009ig,sn2009ig-20090827.499-ui.flm,20090827.499,Kast,3420.0,10114.0,2012ApJ...744...38F
SN 2009ig,sn2009ig-20090828.530-ui.flm,20090828.53,Kast,3430.0,10600.0,2012ApJ...744...38F
SN 2009ig,sn2009ig-20090919.492-ui.flm,20090919.492,Kast,3450.0,10500.0,
SN 2009ig,sn2009ig-20090922.645-br.flm,20090922.645,LRIS,3165.0,10178.0,
SN 2009ig,sn2009ig-20090926.535-ui.flm,20090926.535,Kast,3440.0,10400.0,
SN 2009ig,sn2009ig-20091012.309-ui.flm,20091012.309,Kast,3496.0,10740.0,
SN 2009ig,sn2009ig-20091021.417-ui.flm,20091021.417,Kast,3450.0,10700.0,
SN 2009ig,sn2009ig-20091110.375-ui.flm,20091110.375,Kast,3452.0,10300.0,
SN 2009ig,sn2009ig-20091125.326-ui.flm,20091125.326,Kast,3494.0,10100.0,
SN 2009ig,sn2009ig-20091209.305-ui.flm,20091209.305,Kast,3470.0,10800.0,
SN 2009ig,sn2009ig-20091218.272-ui.flm,20091218.272,Kast,3570.0,10790.0,
SN 2009ig,sn2009ig-20100214.165-ui.flm,20100214.165,Kast,3442.0,10090.0,
SN 2009ih,sn2009ih-20090828.200-ui.flm,20090828.2,Kast,3430.0,10600.0,
SN 2009ix,sn2009ix-20090919.563-ui.flm,20090919.563,Kast,3450.0,10108.0,
SN 2009ix,sn2009ix-20091022.629-br.flm,20091022.629,LRIS,3396.0,10290.0,
SN 2009jg,sn2009jg-20090926.203-ui.flm,20090926.203,Kast,3448.0,10280.0,
SN 2009jr,sn2009jr-20091012.207-ui.flm,20091012.207,Kast,3464.0,10112.0,
SN 2009jr,sn2009jr-20091021.207-ui.flm,20091021.207,Kast,3450.0,10700.0,
SN 2009jp,sn2009jp-20091021.263-ui.flm,20091021.263,Kast,3458.0,9930.0,
SN 2009kk,sn2009kk-20091021.443-ui.flm,20091021.443,Kast,3450.0,10700.0,
SN 2009kk,sn2009kk-20091110.477-ui.flm,20091110.477,Kast,3562.0,10266.0,
SN 2009ko,sn2009ko-20091110.452-ui.flm,20091110.452,Kast,3480.0,10080.0,
SN 2009ko,sn2009ko-20091125.475-ui.flm,20091125.475,Kast,3494.0,10100.0,
SN 2009kq,sn2009kq-20091110.429-ui.flm,20091110.429,Kast,3452.0,10300.0,
SN 2009kq,sn2009kq-20091125.446-ui.flm,20091125.446,Kast,3494.0,10100.0,
SN 2009kq,sn2009kq-20091209.463-ui.flm,20091209.463,Kast,3470.0,10800.0,
SN 2009kq,sn2009kq-20091218.456-ui.flm,20091218.456,Kast,3570.0,10174.0,
SN 2009lg,sn2009lg-20091125.264-ui.flm,20091125.264,Kast,3494.0,9852.0,
SN 2009le,sn2009le-20091218.242-ui.flm,20091218.242,Kast,3586.0,10148.0,
SN 2009li,sn2009li-20091125.293-ui.flm,20091125.293,Kast,3494.0,10100.0,
SN 2009lv,sn2009lv-20091125.148-ui.flm,20091125.148,Kast,3500.0,10068.0,
SN 2009lv,sn2009lv-20091218.190-ui.flm,20091218.19,Kast,3570.0,10066.0,
SN 2009lu,sn2009lu-20091209.552-ui.flm,20091209.552,Kast,3678.0,10196.0,
SN 2009lr,sn2009lr-20091125.183-ui.flm,20091125.183,Kast,3526.0,10766.0,
SN 2009lr,sn2009lr-20091218.128-ui.flm,20091218.128,Kast,3570.0,10800.0,
SN 2009me,sn2009me-20091209.583-ui.flm,20091209.583,Kast,3500.0,10166.0,
SN 2009me,sn2009me-20091218.530-ui.flm,20091218.53,Kast,3570.0,10800.0,
SN 2009mj,sn2009mj-20091218.354-ui.flm,20091218.354,Kast,3612.0,10058.0,
SN 2009mh,sn2009mh-20091218.548-ui.flm,20091218.548,Kast,3570.0,10240.0,
SN 2009mv,sn2009mv-20091218.391-ui.flm,20091218.391,Kast,3570.0,10198.0,
SN 2009nr,sn2009nr-20100108.480-ui.flm,20100108.48,Kast,3420.0,10600.0,
SN 2009nr,sn2009nr-20100315.409-ui.flm,20100315.409,Kast,3450.0,10208.0,
SN 2009nr,sn2009nr-20100507.405-ui.flm,20100507.405,Kast,3440.0,10058.0,
SN 2009mz,sn2009mz-20100108.565-ui.flm,20100108.565,Kast,3422.0,9900.0,
SN 2009mz,sn2009mz-20100214.553-ui.flm,20100214.553,Kast,3442.0,10800.0,
SN 2009na,sn2009na-20100108.352-ui.flm,20100108.352,Kast,3424.0,10600.0,
SN 2009na,sn2009na-20100116.456-ui.flm,20100116.456,Kast,3470.0,10226.0,
SN 2009na,sn2009na-20100214.523-ui.flm,20100214.523,Kast,3450.0,10800.0,
SN 2009nq,sn2009nq-20100108.113-ui.flm,20100108.113,Kast,3420.0,10600.0,
SN 2009nk,sn2009nk-20100116.595-ui.flm,20100116.595,Kast,3470.0,9918.0,
SN 2009nk,sn2009nk-20100214.474-ui.flm,20100214.474,Kast,3488.0,9978.0,
SN 2010A,sn2010a-20100108.172-ui.flm,20100108.172,Kast,3460.0,10100.0,
SN 2010B,sn2010B-20100116.604-ui.flm,20100116.604,Kast,3470.0,10800.0,
SN 2010B,sn2010b-20100214.441-ui.flm,20100214.441,Kast,3450.0,10800.0,
SN 2010B,sn2010b-20100219.524-ui.flm,20100219.524,Kast,3506.0,10086.0,
SN 2010B,sn2010b-20100315.432-ui.flm,20100315.432,Kast,3450.0,10060.0,
SN 2010N,sn2010N-20100116.566-ui.flm,20100116.566,Kast,3470.0,10800.0,
SN 2010N,sn2010n-20100214.420-ui.flm,20100214.42,Kast,3450.0,10800.0,
SN 2010H,sn2010h-20100214.252-ui.flm,20100214.252,Kast,3450.0,10800.0,
SN 2010H,sn2010h-20100219.257-ui.flm,20100219.257,Kast,3506.0,10196.0,
SN 2010H,sn2010h-20100315.163-ui.flm,20100315.163,Kast,3450.0,10098.0,
SN 2010V,sn2010v-20100214.575-ui.flm,20100214.575,Kast,3450.0,10800.0,
SN 2010V,sn2010v-20100315.455-ui.flm,20100315.455,Kast,3450.0,10150.0,
SN 2010V,sn2010v-20100507.456-ui.flm,20100507.456,Kast,3488.0,9874.0,
SN 2010Y,sn2010y-20100214.313-ui.flm,20100214.313,Kast,3450.0,10800.0,
SN 2010Y,sn2010y-20100219.392-ui.flm,20100219.392,Kast,3506.0,10800.0,
SN 2010Y,sn2010y-20100309.325-br.flm,20100309.325,LRIS,3404.0,7570.0,
SN 2010Y,sn2010y-20100315.278-ui.flm,20100315.278,Kast,3450.0,10194.0,
SN 2010p1,sn2010p1-20100219.369-ui.flm,20100219.369000006,Kast,3506.0,10202.0,
SN 2010p1,sn2010p1-20100315.225-ui.flm,20100315.225,Kast,3450.0,10156.0,
SN 2010ag,sn2010ag-20100315.567-ui.flm,20100315.567,Kast,3450.0,10060.0,
SN 2010ag,sn2010ag-20100322.572-ui.flm,20100322.572,Kast,3446.0,10800.0,
SN 2010ag,sn2010ag-20100514.509-ui.flm,20100514.509,Kast,3530.0,9916.0,
SN 2010ai,sn2010ai-20100315.357-ui.flm,20100315.357,Kast,3450.0,9980.0,
SN 2010an,sn2010an-20100322.548-ui.flm,20100322.548,Kast,3446.0,10096.0,
SN 2010an,sn2010an-20100408.496-ui.flm,20100408.496,Kast,3436.0,10138.0,
SN 2010an,sn2010an-20100507.505-ui.flm,20100507.505,Kast,3452.0,9890.0,
SN 2010au,sn2010au-20100322.199-ui.flm,20100322.199,Kast,3446.0,10080.0,
SN 2010au,sn2010au-20100408.200-ui.flm,20100408.2,Kast,3436.0,10058.0,
SN 2010ax,sn2010ax-20100408.473-ui.flm,20100408.473,Kast,3502.0,10066.0,
SN 2010ao,sn2010ao-20100322.419-ui.flm,20100322.419,Kast,3446.0,10790.0,
SN 2010at,sn2010at-20100408.452-ui.flm,20100408.452,Kast,3436.0,10110.0,
SN 2010ba,sn2010ba-20100408.415-ui.flm,20100408.415,Kast,3436.0,10138.0,
SN 2010ba,sn2010ba-20100415.364-ui.flm,20100415.364,Kast,3462.0,10052.0,
SN 2010ba,sn2010ba-20100507.329-ui.flm,20100507.329,Kast,3440.0,9854.0,
SN 2010bn,sn2010bn-20100408.298-ui.flm,20100408.298,Kast,3452.0,10034.0,
SN 2010bu,sn2010bu-20100415.416-ui.flm,20100415.416,Kast,3492.0,10134.0,
SN 2010bu,sn2010bu-20100507.483-ui.flm,20100507.483,Kast,3440.0,10166.0,
SN 2010cp,sn2010cp-20100514.235-ui.flm,20100514.235,Kast,3430.0,10422.0,
SN 2010cs,sn2010cs-20100612.404-br.flm,20100612.404,LRIS,3690.0,10180.0,
SN 2010cr,sn2010cr-20100507.423-ui.flm,20100507.423,Kast,3440.0,9962.0,
SN 2010cr,sn2010cr-20100514.287-ui.flm,20100514.287,Kast,3430.0,10178.0,
SN 2010dl,sn2010dl-20100612.623-br.flm,20100612.623,LRIS,3274.0,10158.0,
SN 2010eb,sn2010eb-20100815.524-ui.flm,20100815.524,Kast,3458.0,10154.0,
SN 2010gj,sn2010gj-20100815.393-ui.flm,20100815.393,Kast,3556.0,9774.0,
SN 2010gl,sn2010gl-20100810.316-ui.flm,20100810.316,Kast,3430.0,10274.0,
SN 2010gl,sn2010gl-20100815.251-ui.flm,20100815.251,Kast,3440.0,10112.0,
SN 2010gv,sn2010gv-20100815.318-ui.flm,20100815.318,Kast,3440.0,10238.0,
SN 2010gz,sn2010gz-20100903.492-ui.flm,20100903.492,Kast,3480.0,10162.0,
SN 2010hh,sn2010hh-20100903.286-ui.flm,20100903.286,Kast,3430.0,10086.0,
SN 2010hz,sn2010hz-20101001.434-ui.flm,20101001.434,Kast,3440.0,9804.0,
SN 2010ii,sn2010ii-20101001.310-ui.flm,20101001.31,Kast,3440.0,10046.0,
SN 2010ii,sn2010ii-20101011.291-ui.flm,20101011.291,Kast,3440.0,10176.0,
SN 2010iw,sn2010iw-20101102.576-ui.flm,20101102.576,Kast,3438.0,10200.0,
SN 2010ju,sn2010ju-20101130.309-ui.flm,20101130.309,Kast,3436.0,10094.0,
SN 2010ju,sn2010ju-20101214.284-ui.flm,20101214.284,Kast,3448.0,10084.0,
SN 2010kg,sn2010kg-20101130.253-ui.flm,20101130.253,Kast,3436.0,9992.0,
SN 2010kg,sn2010kg-20101214.252-ui.flm,20101214.252,Kast,3476.0,10214.0,
SN 2011H,sn2011h-20110113.149-ui.flm,20110113.149,Kast,3460.0,10234.0,
SN 2011K,sn2011k-20110126.247-ui.flm,20110126.247,Kast,3520.0,9702.0,
SN 2011U,sn2011u-20110202.247-ui.flm,20110202.247,Kast,3446.0,10086.0,
SN 2011ao,sn2011ao-20110309.419-br.flm,20110309.419,LRIS,3122.0,10234.0,
SN 2011ao,sn2011ao-20110330.274-ui.flm,20110330.274,Kast,3438.0,10238.0,
SN 2011ao,sn2011ao-20110425.216-ui.flm,20110425.216,Kast,3440.0,10372.0,
SN 2011ay,sn2011ay-20110329.174-ui.flm,20110329.174,Kast,3444.0,10060.0,2013ApJ...767...57F
SN 2011ay,sn2011ay-20110402.183-ui.flm,20110402.183,Kast,3478.0,10230.0,2013ApJ...767...57F
SN 2011ay,sn2011ay-20110405.178-ui.flm,20110405.178,Kast,3434.0,10346.0,2013ApJ...767...57F
SN 2011ay,sn2011ay-20110411.241-ui.flm,20110411.241,Kast,3436.0,10800.0,2013ApJ...767...57F
SN 2011ay,sn2011ay-20110427.196-ui.flm,20110427.196,Kast,3466.0,10162.0,2013ApJ...767...57F
SN 2011ay,sn2011ay-20110507.203-ui.flm,20110507.203,Kast,3490.0,10118.0,2013ApJ...767...57F
SN 2011ay,sn2011ay-20110521.220-ui.flm,20110521.22,Kast,3472.0,9970.0,2013ApJ...767...57F
SN 2011ay,sn2011ay-20110603.241-br.flm,20110603.241,LRIS,3348.0,10164.0,2013ApJ...767...57F
SN 2011ay,sn2011ay-20110926.556-br.flm,20110926.556,LRIS,3556.0,10250.0,2013ApJ...767...57F
SN 2011by,sn2011by-20110428.239-ui.flm,20110428.239,Kast,3440.0,10246.0,2013MNRAS.430.1030S
SN 2011by,sn2011by-20110504.249-ui.flm,20110504.249,Kast,3440.0,10228.0,2013MNRAS.430.1030S
SN 2011by,sn2011by-20110506.235-ui.flm,20110506.235,Kast,3440.0,10204.0,2013MNRAS.430.1030S
SN 2011by,sn2011by-20110510.242-ui.flm,20110510.242,Kast,3438.0,10196.0,2013MNRAS.430.1030S
SN 2011by,sn2011by-20110514.246-ui.flm,20110514.246,Kast,3456.0,10204.0,2013MNRAS.430.1030S
SN 2011by,sn2011by-20110522.273-ui.flm,20110522.273,Kast,3464.0,10262.0,2013MNRAS.430.1030S
SN 2011by,sn2011by-20110525.307-ui.flm,20110525.307,Kast,3436.0,10238.0,2013MNRAS.430.1030S
SN 2011by,sn2011by-20110608.286-ui.flm,20110608.286,Kast,3436.0,10800.0,2013MNRAS.430.1030S
SN 2011by,sn2011by-20110630.221-ui.flm,20110630.221,Kast,3448.0,10250.0,2013MNRAS.430.1030S
SN 2011by,sn2011by-20111202.608-br.flm,20111202.608,LRIS,3332.0,10138.0,2013MNRAS.430.1030S
SN 2011by,sn2011by-20120315.517-br.flm,20120315.517,LRIS,3225.0,10200.0,2013MNRAS.430.1030S
SN 2011dm,sn2011dm-20110630.429-ui.flm,20110630.429,Kast,3420.0,10278.0,
SN 2011dn,sn2011dn-20110630.452-ui.flm,20110630.452,Kast,3420.0,10132.0,
SN 2011fg,sn2011fg-20110828.529-br.flm,20110828.529,LRIS,3244.0,10250.0,
SN 2011fg,sn2011fg-20110902.398-ui.flm,20110902.398,Kast,3416.0,10178.0,
SN 2011fe,ptf11kly-20110825.163-ui.flm,20110825.163,Kast,3420.0,10290.0,
SN 2011fe,ptf11kly-20110828.273-lowbr.flm,20110828.273,LRIS,3184.0,11212.0,
SN 2011fe,ptf11kly-20110926.196-br.flm,20110926.196,LRIS,3230.0,10250.0,
SN 2011fe,ptf11kly-20110929.114-ui.flm,20110929.114,Kast,3488.0,10144.0,
SN 2011fe,ptf11kly-20110930.119-ur.flm,20110930.119000006,Kast,3458.0,8110.0,
SN 2011fe,ptf11kly-20111001.121-ur.flm,20111001.121,Kast,3460.0,8084.0,
SN 2011fe,ptf11kly-20111126.586-ui.flm,20111126.586,Kast,3436.0,10230.0,
SN 2011fe,ptf11kly-20111202.662-br.flm,20111202.662,LRIS,3168.0,10138.0,
SN 2011fe,ptf11kly-20111218.535-ui.flm,20111218.535,Kast,3430.0,10340.0,
SN 2011fe,ptf11kly-20120103.464-ui.flm,20120103.464,Kast,3430.0,10182.0,
SN 2011fe,ptf11kly-20120118.542-ui.flm,20120118.542,Kast,3456.0,10096.0,
SN 2011fe,ptf11kly-20120223.431-ui.flm,20120223.431,Kast,3444.0,10258.0,
SN 2011fe,ptf11kly-20120402.416-ui.flm,20120402.416,Kast,3442.0,10336.0,2015MNRAS.450.2631M
SN 2011fe,ptf11kly-20120423.367-ui.flm,20120423.367,Kast,3440.0,10186.0,2015MNRAS.450.2631M
SN 2011fe,ptf11kly-20120717.291-ui.flm,20120717.291,Kast,3460.0,10264.0,2015MNRAS.450.2631M
SN 2011fe,ptf11kly-20120823.204-ui.flm,20120823.204,Kast,3490.0,10248.0,2015MNRAS.450.2631M
SN 2011fe,ptf11kly-20120924.238-br.flm,20120924.238,LRIS,3236.0,10280.0,
SN 2011fk,sn2011fk-20111025.330-ui.flm,20111025.33,Kast,3432.0,9912.0,
SN 2011fs,sn2011fs-20110926.262-br.flm,20110926.262,LRIS,3140.0,10250.0,
SN 2011fs,sn2011fs-20110929.288-ui.flm,20110929.288,Kast,3438.0,9924.0,
SN 2011fs,sn2011fs-20111025.273-ui.flm,20111025.273,Kast,3432.0,10706.0,
SN 2011gy,sn2011gy-20111025.418-ui.flm,20111025.418,Kast,3432.0,10750.0,
SN 2011hb,sn2011hb-20111101.353-br.flm,20111101.353,LRIS,3204.0,10250.0,
SN 2011iv,sn2011iv-20111226.326-br.flm,20111226.326,LRIS,3360.0,10200.0,
SN 2011iv,sn2011iv-20120221.264-br.flm,20120221.264,LRIS,3236.0,10160.0,
SN 2011jh,sn2011jh-20111227.589-ui.flm,20111227.589,Kast,3446.0,10078.0,
SN 2011jh,sn2011jh-20120103.523-ui.flm,20120103.523,Kast,3446.0,10252.0,
SN 2011jh,sn2011jh-20120429.485-br.flm,20120429.485,LRIS,3372.0,10160.0,
SN 2011jr,sn2011jr-20120103.489-ui.flm,20120103.489,Kast,3430.0,10078.0,
SN 2011jr,sn2011jr-20120118.304-ui.flm,20120118.304,Kast,3434.0,10266.0,
SN 2011jn,sn2011jn-20120103.592-ui.flm,20120103.592,Kast,3430.0,10134.0,
SN 2011jt,sn2011jt-20120103.552-ui.flm,20120103.552,Kast,3430.0,10036.0,
SN 2011jt,sn2011jt-20120118.572-ui.flm,20120118.572,Kast,3452.0,10008.0,
SN 2012B,sn2012b-20120118.209-ui.flm,20120118.209000006,Kast,3434.0,10224.0,
SN 2012E,sn2012e-20120118.177-ui.flm,20120118.177,Kast,3456.0,10036.0,
SN 2012Z,sn2012z-20120201.226-ui.flm,20120201.226,Kast,3450.0,10096.0,2013ApJ...767...57F
SN 2012Z,sn2012z-20120202.167-ui.flm,20120202.167,Kast,3444.0,10188.0,2013ApJ...767...57F
SN 2012Z,sn2012z-20120221.259-br.flm,20120221.259,LRIS,3252.0,10160.0,2013ApJ...767...57F
SN 2012Z,sn2012z-20120315.216-br.flm,20120315.216,LRIS,3167.0,10084.0,2013ApJ...767...57F
SN 2012c1,sn2012c1-20120517.241-br.flm,20120517.241,LRIS,3343.0,10100.0,
SN 2012c1,sn2012c1-20120616.300-br.flm,20120616.3,LRIS,3346.0,10069.0,
SN 2012cg,sn2012cg-20120518.234-ur.flm,20120518.234,Kast,3434.0,8198.0,2012ApJ...756L...7S
SN 2012cg,sn2012cg-20120519.231-ur.flm,20120519.231,Kast,3440.0,8200.0,2012ApJ...756L...7S
SN 2012cg,sn2012cg-20120521.186-ui.flm,20120521.186,Kast,3456.0,10250.0,2012ApJ...756L...7S
SN 2012cg,sn2012cg-20120526.235-ur.flm,20120526.235,Kast,3490.0,8314.0,2012ApJ...756L...7S
SN 2012cg,sn2012cg-20120528.198-ur.flm,20120528.198,Kast,3490.0,8124.0,2012ApJ...756L...7S
SN 2012cg,sn2012cg-20120529.180-ui.flm,20120529.18,Kast,3452.0,10232.0,2012ApJ...756L...7S
SN 2012cg,sn2012cg-20120613.226-ui.flm,20120613.226,Kast,3430.0,10154.0,
SN 2012cg,sn2012cg-20120711.190-ui.flm,20120711.19,Kast,3476.0,10582.0,
SN 2012cg,sn2012cg-20120712.226-ui.flm,20120712.226,Kast,3454.0,10226.0,
SN 2012cg,sn2012cg-20120720.204-ui.flm,20120720.204,Kast,3460.0,10280.0,
SN 2012cu,sn2012cu-20120618.293-ui.flm,20120618.293,Kast,3440.0,10208.0,
SN 2012cu,sn2012cu-20120627.245-ui.flm,20120627.245,Kast,3450.0,10344.0,
SN 2012cu,sn2012cu-20120723.200-ui.flm,20120723.2,Kast,3472.0,10350.0,
SN 2012de,sn2012de-20120627.415-ui.flm,20120627.415,Kast,3496.0,9304.0,
SN 2012dn,sn2012dn-20120711.386-ui.flm,20120711.386,Kast,3454.0,10140.0,
SN 2012dn,sn2012dn-20120716.491-br.flm,20120716.491,LRIS,3238.0,10004.0,
SN 2012dv,sn2012dv-20120723.404-ui.flm,20120723.404,Kast,3514.0,10058.0,
SN 2012ea,sn2012ea-20120812.202-ui.flm,20120812.202,Kast,3460.0,10330.0,
SN 2012ea,sn2012ea-20120918.236-br.flm,20120918.236,LRIS,3235.0,9650.0,
PTF 12ild,PTF12ild-20121017-br.flm,20121017.0,LRIS,3130.55,10266.6,
PTF 12irf,PTF12irf-20121017-br.flm,20121017.0,LRIS,3130.37,10267.3,
LSQ 12fhe,LSQ12fhe-20121017-br.flm,20121017.0,LRIS,3130.34,10266.8,
SN 2012fr,sn2012fr-20121106.383-ui.flm,20121106.383,Kast,3424.0,10274.0,2013ApJ...770...29C
SN 2012fr,sn2012fr-20121114.321-ui.flm,20121114.321,Kast,3450.0,10500.0,2013ApJ...770...29C
SN 2012fr,sn2012fr-20121120.300-ui.flm,20121120.3,Kast,3450.0,10500.0,2013ApJ...770...29C
SN 2012fr,SN2012fr-20121218.394-br.flm,20121218.394,LRIS,3300.0,10200.0,
SN 2012fr,sn2012fr-20130105.161-ui.flm,20130105.161,Kast,3500.0,10500.0,
SN 2012fr,sn2012fr-20130113.167-ui.flm,20130113.167,Kast,3700.0,10000.0,
SN 2012fr,sn2012fr-20130119.096-ui.flm,20130119.096,Kast,3450.0,10500.0,
SN 2012fr,sn2012fr-20130207.131-ui.flm,20130207.131,Kast,3450.0,10500.0,
SN 2012fr,sn2012fr-20130213.121-ui.flm,20130213.121,Kast,3700.0,10100.0,
SN 2012gl,sn2012gl-20121106.547-ui.flm,20121106.547,Kast,3422.0,10750.0,
SN 2012gx,sn2012gx-20121120.167-ui.flm,20121120.167,Kast,3450.0,10100.0,
SN 2012ht,sn2012ht-20130105.490-ui.flm,20130105.49,Kast,3450.0,10500.0,
SN 2012ht,sn2012ht-20130113.513-ui.flm,20130113.513,Kast,3450.0,10500.0,
SN 2012ht,sn2012ht-20130119.460-ui.flm,20130119.46,Kast,3450.0,10500.0,
SN 2012ht,sn2012ht-20130213.345-ui.flm,20130213.345,Kast,3450.0,10500.0,
SN 2012ht,sn2012ht-20130305.224-ui.flm,20130305.224,Kast,3450.0,10500.0,
SN 2012ht,sn2012ht-20130314.237-ui.flm,20130314.237,Kast,3450.0,10500.0,
SN 2012ht,sn2012ht-20130322.332-ui.flm,20130322.332,Kast,3488.0,10132.0,
SN 2012ht,sn2012ht-20130403.406-ui.flm,20130403.406,Kast,3500.0,10500.0,
SN 2012ht,sn2012ht-20130412.383-ui.flm,20130412.383,Kast,3500.0,10500.0,
SN 2012ht,sn2012ht-20130419.330-ui.flm,20130419.33,Kast,3700.0,10000.0,
SN 2012ht,sn2012ht-20130502.312-ui.flm,20130502.312,Kast,3650.0,10050.0,
SN 2012ht,sn2012ht-20130511.316-ui.flm,20130511.316,Kast,3432.0,10700.0,
SN 2012ht,sn2012ht-20130512.255-ui.flm,20130512.255,Kast,3500.0,10500.0,
SN 2012ij,sn2012ij-20130113.369-ui.flm,20130113.369000006,Kast,3450.0,10500.0,
SN 2012ij,sn2012ij-20130119.535-ui.flm,20130119.535,Kast,3450.0,10500.0,
SN 2012ij,sn2012ij-20130213.304-ui.flm,20130213.304,Kast,3450.0,10500.0,
SN 2012ij,sn2012ij-20130305.270-ui.flm,20130305.27,Kast,3700.0,10200.0,
SN 2013E,sn2013e-20130113.446-ui.flm,20130113.446,Kast,3450.0,10000.0,
SN 2013E,sn2013e-20130119.427-ui.flm,20130119.427,Kast,3450.0,10500.0,
SN 2013E,sn2013e-20130213.333-ui.flm,20130213.333,Kast,3450.0,10500.0,
SN 2013E,sn2013e-20130305.323-ui.flm,20130305.323,Kast,3700.0,10500.0,
SN 2013E,sn2013e-20130314.263-ui.flm,20130314.263,Kast,3700.0,10000.0,
SN 2013Q,sn2013q-20130207.105-ui.flm,20130207.105,Kast,3450.0,10100.0,
SN 2013Q,sn2013q-20130213.139-ui.flm,20130213.139,Kast,3450.0,10500.0,
SN 2013S,sn2013s-20130207.155-ui.flm,20130207.155,Kast,3450.0,10500.0,
SN 2013gq,sn2013gq-20130403.340-ui.flm,20130403.34,Kast,3500.0,10000.0,
SN 2013gq,sn2013gq-20130404.235-ui.flm,20130404.235,Kast,3450.0,10500.0,
SN 2013gq,sn2013gq-20130412.230-ui.flm,20130412.23,Kast,3500.0,10500.0,
SN 2013gq,sn2013gq-20130419.165-ui.flm,20130419.165,Kast,3500.0,10500.0,
SN 2013ct,sn2013ct-20130812.398-ui.flm,20130812.398,Kast,3450.0,10500.0,
SN 2013dj,sn2013dj-20130614.413-ui.flm,20130614.413,Kast,3500.0,10000.0,
SN 2013dh,sn2013dh-20130614.284-ui.flm,20130614.284,Kast,3500.0,10000.0,
SN 2013dh,sn2013dh-20130617.376-ui.flm,20130617.376,Kast,3500.0,10000.0,
SN 2013dh,sn2013dh-20130707.387-ui.flm,20130707.387,Kast,3700.0,10000.0,
SN 2013dh,sn2013dh-20130709.372-ui.flm,20130709.372,Kast,3700.0,10000.0,
SN 2013di,sn2013di-20130614.465-ui.flm,20130614.465,Kast,3700.0,10000.0,
SN 2013di,sn2013di-20130708.398-ui.flm,20130708.398,Kast,3700.0,10000.0,
SN 2013dy,sn2013dy-20130715.418-ui.flm,20130715.418,Kast,3500.0,10500.0,2013ApJ...778L..15Z
SN 2013dy,sn2013dy-20130804.408-ui.flm,20130804.408,Kast,3452.0,10178.0,2015MNRAS.452.4307P
SN 2013dy,sn2013dy-20130808.406-ui.flm,20130808.406,Kast,3450.0,10500.0,2015MNRAS.452.4307P
SN 2013dy,sn2013dy-20130812.406-ui.flm,20130812.406,Kast,3450.0,10500.0,2015MNRAS.452.4307P
SN 2013dy,sn2013dy-20130830.415-ui.flm,20130830.415,Kast,3450.0,10500.0,2015MNRAS.452.4307P
SN 2013dy,sn2013dy-20130906.316-ui.flm,20130906.316,Kast,3450.0,10500.0,2015MNRAS.452.4307P
SN 2013dy,sn2013dy-20131005.226-ui.flm,20131005.226,Kast,3450.0,10500.0,2015MNRAS.452.4307P
SN 2013dy,sn2013dy-20131010.264-ui.flm,20131010.264,Kast,3452.0,10500.0,2015MNRAS.452.4307P
SN 2013dy,sn2013dy-20131026.326-ui.flm,20131026.326,Kast,3450.0,10500.0,2015MNRAS.452.4307P
SN 2013dy,sn2013dy-20131103.242-ui.flm,20131103.242,Kast,3500.0,10000.0,2015MNRAS.452.4307P
SN 2013dy,sn2013dy-20131128.243-ui.flm,20131128.243,Kast,3500.0,10000.0,2015MNRAS.452.4307P
SN 2013dy,sn2013dy-20131203-br.flm,20131203.0,LRIS,3074.83,10262.0,2015MNRAS.452.4307P
SN 2013dy,sn2013dy-20131206.118-ui.flm,20131206.118,Kast,3446.0,10600.0,2015MNRAS.452.4307P
SN 2013dy,sn2013dy-20140924-br.flm,20140924.0,LRIS,3074.51,10272.0,2015MNRAS.452.4307P
SN 2013gh,sn2013gh-20130812.370-ui.flm,20130812.37,Kast,3450.0,10500.0,
SN 2013gh,sn2013gh-20131103.207-ui.flm,20131103.207,Kast,3500.0,10000.0,
SN 2013gh,sn2013gh-20140924-br.flm,20140924.0,LRIS,3074.51,10271.8,
SN 2013fa,sn2013fa-20130902.175-ui.flm,20130902.175,Kast,3500.0,10500.0,
SN 2013fw,sn2013fw-20141024-br.flm,20141024.0,LRIS,3075.35,10257.7,
SN 2013gs,sn2013gs-20131206.496-ui.flm,20131206.496,Kast,3446.0,10150.0,
SN 2013gy,sn2013gy-20131228-br.flm,20131228.0,LRIS,3073.23,10266.7,
SN 2013gy,sn2013gy-20140123.257-ui.flm,20140123.257,Kast,3600.0,10500.0,
SN 2013gy,sn2013gy-20140924-br.flm,20140924.0,LRIS,3074.51,10271.9,2015MNRAS.450.2631M
PSN J03055989+0432382,psn0305-20131228-br.flm,20131228.0,LRIS,3073.23,10266.8,
SN 2013hs,sn2013hs-20130906.471-ui.flm,20130906.471,Kast,3450.0,10500.0,
SN 2014J,sn2014j-20140307.136-ui.flm,20140307.136,Kast,3450.0,10500.0,
SN 2014J,sn2014j-20140324.419-ui.flm,20140324.419,Kast,3500.0,10000.0,
SN 2014J,sn2014j-20140404.311-ui.flm,20140404.311,Kast,3500.0,10500.0,
SN 2014J,sn2014j-20140429.217-ui.flm,20140429.217,Kast,3500.0,10500.0,
SN 2014J,sn2014j-20140528.236-ui.flm,20140528.236,Kast,3700.0,10000.0,
SN 2014J,sn2014j-20140605.215-ui.flm,20140605.215,Kast,3500.0,10500.0,
SN 2014J,sn2014j-20140620.214-ui.flm,20140620.214,Kast,3456.0,10100.0,
SN 2014J,sn2014j-20140629.200-ui.flm,20140629.2,Kast,3700.0,10000.0,
SN 2014J,sn2014j-20141024-br.flm,20141024.0,LRIS,3075.35,10279.7,
SN 2014J,sn2014j-20141120-br.flm,20141120.0,LRIS,3075.31,10264.5,
SN 2014ag,sn2014ag-20140324.557-ui.flm,20140324.557,Kast,3700.0,10000.0,
SN 2014ao,sn2014ao-20140429.201-ui.flm,20140429.201,Kast,3700.0,10000.0,
ASASSN 14ar,asassn-14ar-20140430.221-ui.flm,20140430.221,Kast,3500.0,10500.0,
SN 2014ck,sn2014ck-20140630.449-ui.flm,20140630.449,Kast,3454.0,10500.0,
SN 2014ck,sn2014ck-20140821.380-ui.flm,20140821.38,Kast,3450.0,10500.0,
SN 2014da,sn2014da-20140826.334-ui.flm,20140826.334000006,Kast,3500.0,10500.0,
ASASSN 14gh,asassn14gh-20140903.287-ui.flm,20140903.287,Kast,3500.0,10500.0,
SN 2014dg,sn2014dg-20140922.510-uh.flm,20140922.51,Kast,3500.0,7880.0,
SN 2014dg,sn2014dg-20140928.530-ui.flm,20140928.53,Kast,3460.0,10840.0,
SN 2014dg,sn2014dg-20140929.538-ui.flm,20140929.538,Kast,3500.0,10500.0,
SN 2014dg,sn2014dg-20141017.418-ui.flm,20141017.418,Kast,3700.0,10000.0,
SN 2014dg,sn2014dg-20141027.447-ui.flm,20141027.447,Kast,3500.0,10500.0,
SN 2014dg,sn2014dg-20141118.371-ui.flm,20141118.371,Kast,3500.0,10500.0,
SN 2014dg,sn2014dg-20141223.293-ui.flm,20141223.293,Kast,3500.0,10500.0,
SN 2014dg,sn2014dg-20150120.215-ui.flm,20150120.215,Kast,3420.0,10860.0,
SN 2014dg,sn2014dg-20150128.158-ui.flm,20150128.158,Kast,3700.0,10000.0,
SN 2014dg,sn2014dg-20150214.160-ui.flm,20150214.16,Kast,3500.0,10500.0,
SN 2014dg,sn2014dg-20150221.153-ui.flm,20150221.153,Kast,3500.0,10500.0,
SN 2014dl,sn2014dl-20140928.169-ui.flm,20140928.169,Kast,3460.0,10840.0,
SN 2014dm,sn2014dm-20140928.501-ui.flm,20140928.501,Kast,3460.0,10840.0,
SN 2014dt,sn2014dt-20141118.559-ui.flm,20141118.559,Kast,3500.0,10500.0,2015ApJ...798L..37F
SN 2014dt,sn2014dt-20141125.561-ui.flm,20141125.561,Kast,3500.0,10500.0,
SN 2014dt,sn2014dt-20141223.503-ui.flm,20141223.503,Kast,3500.0,10500.0,
SN 2014dt,sn2014dt-20150120.512-ui.flm,20150120.512,Kast,3420.0,10860.0,
SN 2014dt,sn2014dt-20150128.461-ui.flm,20150128.461,Kast,3450.0,10500.0,
SN 2014dt,sn2014dt-20150214.529-ui.flm,20150214.529,Kast,3500.0,10500.0,
SN 2014dt,sn2014dt-20150221.544-ui.flm,20150221.544,Kast,3500.0,10500.0,
SN 2014dt,sn2014dt-20150318.418-ui.flm,20150318.418,Kast,3500.0,10500.0,
SN 2014dt,sn2014dt-20150326.471-ui.flm,20150326.471,Kast,3450.0,10860.0,
SN 2014dt,sn2014dt-20150416.406-ui.flm,20150416.406,Kast,3700.0,10000.0,2016MNRAS.461..433F
SN 2014dt,sn2014dt-20150526.285-ui.flm,20150526.285,Kast,3450.0,10862.0,2016MNRAS.461..433F
SN 2014dt,sn2014dt-20150616-br.flm,20150616.0,LRIS,3100.26,10329.8,2016MNRAS.461..433F
SN 2014dt,sn2014dt-20160507-br.ms.flm,20160507.0,LRIS,3364.2,10283.7,
PSN J03034759+0024146,psn0303+0024-20141126.404-ui.flm,20141126.404,Kast,3470.0,10810.0,
iPTF 14jfw,iptf14jfw-20141126.459-ui.flm,20141126.459000006,Kast,3470.0,10810.0,
ASASSN 14lp,asassn-14lp-20141223.565-ui.flm,20141223.565,Kast,3500.0,10500.0,
ASASSN 14lp,asassn-14lp-20150120.494-ui.flm,20150120.494000006,Kast,3420.0,10842.0,
ASASSN 14lp,asassn-14lp-20150128.498-ui.flm,20150128.498,Kast,3450.0,10500.0,
ASASSN 14lp,asassn-14lp-20150214.374-ui.flm,20150214.374,Kast,3500.0,10500.0,
ASASSN 14lp,asassn-14lp-20150221.432-ui.flm,20150221.432,Kast,3500.0,10500.0,
ASASSN 14lp,asassn-14lp-20150224.435-ui.flm,20150224.435,Kast,3500.0,10500.0,
ASASSN 14lp,asassn-14lp-20150225.455-ui.flm,20150225.455,Kast,3500.0,10500.0,
ASASSN 14lp,asassn-14lp-20150318.311-ui.flm,20150318.311,Kast,3500.0,10500.0,
ASASSN 14lp,asassn-14lp-20150321.418-ui.flm,20150321.418,Kast,3450.0,10862.0,
ASASSN 14lp,asassn-14lp-20150326.415-ui.flm,20150326.415,Kast,3450.0,10860.0,
ASASSN 14lp,asassn-14lp-20150416.386-ui.flm,20150416.386,Kast,3500.0,10500.0,
ASASSN 14lp,asassn-14lp-20150427.284-ui.flm,20150427.284,Kast,3500.0,10500.0,
ASASSN 14lp,asassn-14lp-20150526.199-ui.flm,20150526.199,Kast,3456.0,10866.0,
ASASSN 14lp,asassn-14lp-20150613.283-ui.flm,20150613.283,Kast,3446.0,10900.0,
ASASSN 14lp,asassn-14lp-20150618.277-ui.flm,20150618.277,Kast,3440.0,10850.0,
Gaia 15aba,gaia15aba-20150216.503-ui.flm,20150216.503,Kast,3440.0,10860.0,
Gaia 15abu,gaia15abu-20150216.572-ui.flm,20150216.572,Kast,3440.0,10860.0,
SNHunt 276,psn1149+2119-20150216.351-ui.flm,20150216.351,Kast,3440.0,10860.0,
SN 2015H,sn2015h-20150215.352-ui.flm,20150215.352,Kast,3440.0,10860.0,
Gaia 15aby,gaia15aby-20150216.550-ui.flm,20150216.55,Kast,3440.0,10860.0,
PSN J13471211$-$2422171,psn1347-2422-20150215.540-ui.flm,20150215.54,Kast,3440.0,10860.0,
ASASSN 15db,asassn-15db-20150216.467-ui.flm,20150216.467,Kast,3440.0,10860.0,
SNHunt 281,snhunt281-20150326.526-ui.flm,20150326.526,Kast,3450.0,10860.0,
SNHunt 281,snhunt281-20150328.379-ui.flm,20150328.379,Kast,3460.0,10830.0,
SNHunt 281,snhunt281-20150421.398-ui.flm,20150421.398,Kast,3460.0,10840.0,
ASASSN 15fr,asassn-15fr-20150328.294-ui.flm,20150328.294,Kast,3460.0,10850.0,
ASASSN 15hy,asassn-15hy-20150427.510-ui.flm,20150427.51,Kast,3500.0,10500.0,
ASASSN 15hy,asassn-15hy-20150613.472-uh.flm,20150613.472,Kast,3460.0,7980.0,
ASASSN 15hy,asassn-15hy-20150616-br.flm,20150616.0,LRIS,3100.26,10332.6,
ASASSN 15hy,asassn-15hy-20150618.484-ui.flm,20150618.484,Kast,3450.0,10852.0,
ASASSN 15hy,asassn-15hy-20150623.427-ui.flm,20150623.427,Kast,3450.0,10850.0,
ASASSN 15hy,asassn-15hy-20150714.410-ui.flm,20150714.41,Kast,3442.0,10830.0,
ASASSN 15hy,asassn-15hy-20150724.392-ui.flm,20150724.392,Kast,3422.0,10830.0,
ASASSN 15hy,asassn-15hy-20150824.361-ui.flm,20150824.361,Kast,3450.0,10858.0,
ASASSN 15hy,asassn-15hy-20150921.220-ui.flm,20150921.22,Kast,3440.0,10848.0,
ASASSN 15hy,asassn-15hy-20151010.142-ui.flm,20151010.142,Kast,3440.0,10842.0,
ASASSN 15hy,asassn-15hy-20151011.248-ui.flm,20151011.248,Kast,3432.0,10858.0,
ASASSN 15hy,asassn-15hy-20151014.201-ui.flm,20151014.201,Kast,3432.0,10856.0,
ASASSN 15jm,asassn-15jm-20150622.346-ui.flm,20150622.346,Kast,3440.0,10860.0,
iPTF 15awr,iptf15awr-20150526.344-ui.flm,20150526.344,Kast,3452.0,10866.0,
ASASSN 15kx,asassn-15kx-20150720.453-ui.flm,20150720.453,Kast,3430.0,10820.0,
ASASSN 15kx,asassn-15kx-20150724.486-ui.flm,20150724.486,Kast,3422.0,10834.0,
ASASSN 15kx,asassn-15kx-20151020.156-ui.flm,20151020.156,Kast,3440.0,10866.0,
ASASSN 15lo,asassn-15lo-20150623.408-ui.flm,20150623.408,Kast,3450.0,10850.0,
ASASSN 15lu,asassn-15lu-20150624.283-ui.flm,20150624.283,Kast,3440.0,10850.0,
ASASSN 15mc,asassn-15mc-20150714.492-ui.flm,20150714.492,Kast,3442.0,10824.0,
ASASSN 15mc,asassn-15mc-20150906.440-ui.flm,20150906.44,Kast,3430.0,10868.0,
ASASSN 15mc,ASASSN-15mc-20150916-br.ms.flm,20150916.0,LRIS,3102.38,10326.5,
SN 2015N,psn2143+4334-20150714.462-ui.flm,20150714.462,Kast,3442.0,10832.0,
SN 2015N,psn2143+4334-20150716-br.flm,20150716.0,LRIS,3100.84,10330.2,
SN 2015N,psn2143+4334-20150719.412-ui.flm,20150719.412,Kast,3422.0,10842.0,
SN 2015N,psn2143+4334-20150723.390-ui.flm,20150723.39,Kast,3426.0,10836.0,
SN 2015N,psn2143+4334-20150811.504-ui.flm,20150811.504,Kast,3402.0,10780.0,
SN 2015N,psn2143+4334-20150824.259-ui.flm,20150824.259,Kast,3450.0,10866.0,
SN 2015N,psn2143+4334-20150905.225-ui.flm,20150905.225,Kast,3428.0,10870.0,
SN 2015N,psn2143+4334-20150906.257-ui.flm,20150906.257,Kast,3428.0,10870.0,
SN 2015N,psn2143+4334-20150921.295-ui.flm,20150921.295,Kast,3438.0,10848.0,
SN 2015N,psn2143+4334-20151010.194-ui.flm,20151010.194,Kast,3440.0,10842.0,
SN 2015N,psn2143+4334-20151011.294-ui.flm,20151011.294,Kast,3434.0,10862.0,
ASASSN 15mi,asassn-15mi-20150720.258-ui.flm,20150720.258,Kast,3430.0,10820.0,
ASASSN 15mg,asassn-15mg-20150714.327-ui.flm,20150714.327,Kast,3436.0,10828.0,
ASASSN 15mg,asassn-15mg-20150719.362-ui.flm,20150719.362,Kast,3420.0,10832.0,
ASASSN 15mg,asassn-15mg-20150720.280-ui.flm,20150720.28,Kast,3430.0,10820.0,
ASASSN 15mg,asassn-15mg-20150723.342-ui.flm,20150723.342,Kast,3422.0,10832.0,
ASASSN 15mg,asassn-15mg-20150824.197-ui.flm,20150824.197,Kast,3450.0,10860.0,
ASASSN 15mg,asassn-15mg-20150905.188-ui.flm,20150905.188,Kast,3426.0,10864.0,
ASASSN 15mg,asassn-15mg-20150921.170-ui.flm,20150921.17,Kast,3434.0,10846.0,
ASASSN 15mg,asassn-15mg-20151010-br.ms.flm,20151010.0,LRIS,3191.41,10268.9,
ASASSN 15mp,asassn-15mp-20150720.478-ui.flm,20150720.478,Kast,3430.0,10820.0,
SN 2015ac,psnj2316+3359-20150812.455-ui.flm,20150812.455,Kast,3420.0,10830.0,
ASASSN 15ns,asassn-15ns-20150811.332-ui.flm,20150811.332,Kast,3402.0,10780.0,
ASASSN 15og,asassn-15og-20150905.480-ui.flm,20150905.48,Kast,3430.0,10840.0,
ASASSN 15og,asassn-15og-20150906.486-ui.flm,20150906.486,Kast,3440.0,10852.0,
ASASSN 15og,asassn-15og-20150921.478-ui.flm,20150921.478,Kast,3436.0,10838.0,
ASASSN 15og,asassn-15og-20151010.455-ui.flm,20151010.455,Kast,3440.0,10842.0,
ASASSN 15og,asassn-15og-20151011.433-ui.flm,20151011.433,Kast,3440.0,10854.0,
ASASSN 15og,asassn-15og-20151014.448-ui.flm,20151014.448,Kast,3440.0,10848.0,
ASASSN 15og,asassn-15og-20151111.353-ui.flm,20151111.353,Kast,3440.0,10848.0,
PS 15cut,psnj2352+1433-20150921.385-ui.flm,20150921.385,Kast,3440.0,10848.0,
PSN J02524671+4656470,psnj0252+4656-20150921.402-ui.flm,20150921.402,Kast,3440.0,10850.0,
ASASSN 15pr,asassn-15pr-20151020.322-ui.flm,20151020.322,Kast,3442.0,10860.0,
ASASSN 15qc,asassn-15qc-20151020.344-ui.flm,20151020.344,Kast,3442.0,10862.0,
MOT J041227.87+342902.0,mot0412+3429-20151010.506-ui.flm,20151010.506,Kast,3440.0,10840.0,
PS 15cku,ps15cku-20151020.423-ui.flm,20151020.423,Kast,3442.0,10856.0,
ASASSN 15rm,asassn-15rm-20151020.498-ui.flm,20151020.498,Kast,3442.0,10854.0,
ASASSN 15rw,asassn-15rw-20151119.325-ui.flm,20151119.325,Kast,3438.0,10866.0,
ASASSN 15sf,asassn-15sf-20151111.254-ui.flm,20151111.254,Kast,3438.0,10854.0,
ASASSN 15sf,asassn-15sf-20151118.155-ui.flm,20151118.155,Kast,3438.0,10852.0,
PS 16ud,motj1107-0522-20151111.567-ui.flm,20151111.567,Kast,3440.0,10850.0,
ASASSN 15so,asassn-15so-20151111.544-ui.flm,20151111.544,Kast,3440.0,10852.0,
ASASSN 15so,asassn-15so-20151216.491-ui.flm,20151216.491,Kast,3450.0,10880.0,
PSN J09100885+5003396,psnj0910+5003-20151111.408-ui.flm,20151111.408,Kast,3440.0,10852.0,
PSN J09100885+5003396,psnj0910+5003-20151118.537-ui.flm,20151118.537,Kast,3438.0,10858.0,
PSN J09100885+5003396,psnj0910+5003-20151119.452-ui.flm,20151119.452,Kast,3438.0,10868.0,
PSN J09100885+5003396,psnj0910+5003-20151208.431-ui.flm,20151208.431,Kast,3440.0,10882.0,
PSN J09100885+5003396,psnj0910+5003-20151209.446-ui.flm,20151209.446,Kast,3440.0,10880.0,
PSN J09100885+5003396,psnj0910+5003-20151211-br.ms.flm,20151211.0,LRIS,3250.96,10280.7,
PSN J09100885+5003396,psnj0910+5003-20151217.428-ui.flm,20151217.428,Kast,3440.0,10436.0,
PS 15cwx,ps15cwx-20151119.361-ui.flm,20151119.361,Kast,3438.0,10866.0,
SN 2015bd,psnj1123-0106-20151209.486-ui.flm,20151209.486,Kast,3442.0,10876.0,
SN 2015bd,psnj1123-0106-20151216.518-ui.flm,20151216.518,Kast,3450.0,10880.0,
SN 2015bd,psnj1123-0106-20151217.553-ui.flm,20151217.553,Kast,3442.0,10434.0,
SN 2015bd,psnj1123-0106-20160112.434-ui.flm,20160112.434,Kast,3444.0,10430.0,
SN 2015bd,psnj1123-0106-20160207.335-ui.flm,20160207.335,Kast,3432.0,10866.0,
PSN J12265018+1615496,psnj1226+1615-20151209.526-ui.flm,20151209.526,Kast,3442.0,10878.0,
ASASSN 15ub,asassn-15ub-20151216.387-ui.flm,20151216.387,Kast,3450.0,10882.0,
ASASSN 15ub,asassn-15ub-20151217.526-ui.flm,20151217.526,Kast,3440.0,10436.0,
SN 2016F,sn2016f-20160211.154-ui.flm,20160211.154,Kast,3456.0,10874.0,
SN 2016zc,sn2016zc-20160211.571-ui.flm,20160211.571,Kast,3458.0,10878.0,
SN 2016aqt,sn2016aqt-20160402.495-ui.flm,20160402.495,Kast,3440.0,10876.0,
SN 2016aqt,sn2016aqt-20160516.423-ui.flm,20160516.423,Kast,3424.0,10876.0,
SN 2016aqt,sn2016aqt-20160606-br.ms.flm,20160606.0,LRIS,3343.55,10261.1,
SN 2016blh,sn2016blh-20160403.467-ui.flm,20160403.467,Kast,3440.0,10872.0,
SN 2016bln,sn2016bln-20160417.493-ui.flm,20160417.493,Kast,3424.0,10900.0,
SN 2016bln,sn2016bln-20160502.478-ui.flm,20160502.478,Kast,3424.0,10870.0,
SN 2016bln,sn2016bln-20160516.387-ui.flm,20160516.387,Kast,3422.0,10874.0,
SN 2016bsa,sn2016bsa-20160530.483-ui.flm,20160530.483,Kast,3424.0,10860.0,
SN 2016ccj,SN2016ccj-20160909-br.flm,20160909.0,LRIS,3130.0,10275.1,
SN 2016cmn,sn2016cmn-20160530.441-ui.flm,20160530.441,Kast,3422.0,10862.0,
SN 2016coj,sn2016coj-20160528.350-ui.flm,20160528.35,Kast,3436.0,8036.0,2017ApJ...841...64Z
SN 2016coj,sn2016coj-20160529.205-ui.flm,20160529.205,Kast,3506.0,7240.0,2017ApJ...841...64Z
SN 2016coj,sn2016coj-20160530.257-ui.flm,20160530.257,Kast,3422.0,10858.0,2017ApJ...841...64Z
SN 2016coj,sn2016coj-20160601.220-ui.flm,20160601.22,Kast,3444.0,8036.0,2017ApJ...841...64Z
SN 2016coj,sn2016coj-20160604.234-ui.flm,20160604.234,Kast,3444.0,8038.0,2017ApJ...841...64Z
SN 2016coj,sn2016coj-20160605.193-ui.flm,20160605.193,Kast,3444.0,8036.0,2017ApJ...841...64Z
SN 2016coj,sn2016coj-20160606-br.ms.flm,20160606.0,LRIS,3104.66,10256.9,2017ApJ...841...64Z
SN 2016coj,sn2016coj-20160607.341-ui.flm,20160607.341,Kast,3436.0,8038.0,2017ApJ...841...64Z
SN 2016coj,sn2016coj-20160608.353-ui.flm,20160608.353,Kast,3438.0,10876.0,2017ApJ...841...64Z
SN 2016coj,sn2016coj-20160610.245-ui.flm,20160610.245,Kast,3438.0,8032.0,2017ApJ...841...64Z
SN 2016coj,sn2016coj-20160615.226-ui.flm,20160615.226,Kast,3446.0,8040.0,2017ApJ...841...64Z
SN 2016coj,sn2016coj-20160616.333-ui.flm,20160616.333,Kast,3446.0,10876.0,2017ApJ...841...64Z
SN 2016coj,sn2016coj-20160617.248-ui.flm,20160617.248,Kast,3444.0,8036.0,2017ApJ...841...64Z
SN 2016coj,sn2016coj-20160624.244-ui.flm,20160624.244000006,Kast,3440.0,8036.0,2017ApJ...841...64Z
SN 2016coj,sn2016coj-20160625.227-ui.flm,20160625.227,Kast,3440.0,8036.0,2017ApJ...841...64Z
SN 2016coj,sn2016coj-20160627.223-ui.flm,20160627.223,Kast,3438.0,8034.0,2017ApJ...841...64Z
SN 2016coj,sn2016coj-20160628.306-ui.flm,20160628.306,Kast,3428.0,10870.0,2017ApJ...841...64Z
SN 2016coj,sn2016coj-20160802.182-ui.flm,20160802.182,Kast,3442.0,10860.0,
SN 2016coj,sn2016coj-20160813.171-ui.flm,20160813.171,Kast,3438.0,10870.0,
SN 2016coj,sn2016coj-20161103.545.coadd-ui.flm,20161103.545,Kast,3440.0,10446.0,
SN 2016flv,sn2016flv-20160903.359-ui.flm,20160903.359,Kast,3432.0,10884.0,
SN 2016flv,sn2016flv-20160910.331-ui.flm,20160910.331,Kast,3426.0,10874.0,
SN 2016hvl,sn2016hvl-20161204.340.coadd-ui.flm,20161204.34,Kast,3430.0,10450.0,
SN 2016hvl,sn2016hvl-20170303.293.coadd-ui.flm,20170303.293,Kast,3640.0,10680.0,
SN 2016ije,sn2016ije-20161204.219.coadd-ui.flm,20161204.219,Kast,3430.0,10450.0,
SN 2017cfd,at2017cfd-20170405.364.coadd-ui.flm,20170405.364,Kast,3640.0,10630.0,in prep.
SN 2017cfd,at2017cfd-20170504.285.coadd-ui.flm,20170504.285,Kast,3650.0,10620.0,in prep.
SN 2017cfd,at2017cfd-20170520.214.coadd-ui.flm,20170520.214,Kast,3660.0,10610.0,in prep.
SN 2017cfd,at2017cfd-20170602.216.coadd-ui.flm,20170602.216,Kast,3640.0,10580.0,in prep.
SN 2017drh,sn2017drh-20170519.277.coadd-ui.flm,20170519.277,Kast,3650.0,10650.0,
SN 2017drh,sn2017drh-20170602.309.coadd-ui.flm,20170602.309,Kast,3680.0,10630.0,
SN 2017drh,sn2017drh-20170621.462.coadd-ui.flm,20170621.462,Kast,3622.0,10716.0,
SN 2017drh,sn2017drh-20170701.338.coadd-ui.flm,20170701.338,Kast,3638.0,10710.0,
SN 2017drh,sn2017drh-20170718.309.coadd-ui.flm,20170718.309,Kast,3618.0,10690.0,
SN 2017drh,sn2017drh-20170730.295.coadd-ui.flm,20170730.295,Kast,3656.0,10710.0,
SN 2017drh,sn2017drh-20170827.210.coadd-ui.flm,20170827.21,Kast,3616.0,10722.0,
SN 2017dws,sn2017dws-20170504.459.coadd-ui.flm,20170504.459000006,Kast,3650.0,10620.0,
SN 2017dwp,sn2017dwp-20170519.206.coadd-ui.flm,20170519.206,Kast,3650.0,10650.0,
SN 2017dwp,sn2017dwp-20170520.179.coadd-ui.flm,20170520.179,Kast,3660.0,10650.0,
SN 2017dwp,sn2017dwp-20170602.282.coadd-ui.flm,20170602.282,Kast,3640.0,10630.0,
SN 2017erp,sn2017erp-20170620.223.coadd-ui.flm,20170620.223,Kast,3334.0,10700.0,
SN 2017erp,sn2017erp-20170621.339.coadd-ui.flm,20170621.339,Kast,3620.0,10710.0,
SN 2017erp,sn2017erp-20170623.223.coadd-ui_fix.flm,20170623.223,Kast,3626.0,8172.0,
SN 2017erp,sn2017erp-20170624.226-ui.flm,20170624.226,Kast,3490.0,8836.0,
SN 2017erp,sn2017erp-20170625.220.coadd-ui.flm,20170625.22,Kast,3446.0,11400.0,
SN 2017erp,sn2017erp-20170626.222.coadd-ui.flm,20170626.222,Kast,3226.0,10720.0,
SN 2017erp,sn2017erp-20170627.323.coadd-ui.flm,20170627.323,Kast,3630.0,10712.0,
SN 2017erp,sn2017erp-20170629.205.coadd-ui.flm,20170629.205,Kast,3596.0,11100.0,
SN 2017erp,sn2017erp-20170701.302.coadd-ui.flm,20170701.302,Kast,3638.0,10700.0,
SN 2017erp,sn2017erp-20170705.280-ui.flm,20170705.28,Kast,3448.0,7834.0,
SN 2017erp,sn2017erp-20170717.282.coadd-ui.flm,20170717.282,Kast,3614.0,10650.0,
SN 2017erp,sn2017erp-20170726.227.coadd-ui.flm,20170726.227,Kast,3622.0,10670.0,
SN 2017erp,sn2017erp-20170801.220.coadd-ui.flm,20170801.22,Kast,3620.0,10680.0,
SN 2017erp,sn2017erp-20170814.170.coadd-ui.flm,20170814.17,Kast,3620.0,10718.0,
SN 2017erp,sn2017erp-20170827.175.coadd-ui.flm,20170827.175,Kast,3616.0,10718.0,
SN 2017erp,sn2017erp-20170914.140.coadd-ui.flm,20170914.14,Kast,3630.0,10718.0,
SN 2017fgc,sn2017fgc-20170718.478.coadd-ui.flm,20170718.478,Kast,3616.0,10700.0,
SN 2017fgc,sn2017fgc-20170726.472.coadd-ui.flm,20170726.472,Kast,3622.0,10680.0,
SN 2017fgc,sn2017fgc-20170730.476.coadd-ui.flm,20170730.476,Kast,3620.0,10708.0,
SN 2017fgc,sn2017fgc-20170801.451.coadd-ui.flm,20170801.451,Kast,3620.0,10680.0,
SN 2017fgc,sn2017fgc-20170827.516.coadd-ui.flm,20170827.516,Kast,3622.0,10722.0,
SN 2017fgc,sn2017fgc-20170914.459.coadd-ui.flm,20170914.459000006,Kast,3632.0,10718.0,
SN 2017fgc,sn2017fgc-20170915.511.coadd-ui.flm,20170915.511,Kast,3634.0,10680.0,
SN 2017fgc,sn2017fgc-20170927.506.coadd-ui.flm,20170927.506,Kast,3632.0,10680.0,
SN 2017fgc,sn2017fgc-20171019.391.coadd-ui.flm,20171019.391,Kast,3620.0,10670.0,
SN 2017fgc,sn2017fgc-20171025.402.coadd-ui.flm,20171025.402,Kast,3620.0,10668.0,
SN 2017fgc,sn2017fgc-20171030.421.coadd-ui.flm,20171030.421,Kast,3622.0,10704.0,
SN 2017glx,sn2017glx-20170915.150.coadd-ui.flm,20170915.15,Kast,3632.0,10660.0,
SN 2017glx,sn2017glx-20170927.140.coadd-ui.flm,20170927.14,Kast,3630.0,10680.0,
SN 2017glx,sn2017glx-20171019.221.coadd-ui.flm,20171019.221,Kast,3620.0,10670.0,
SN 2017glx,sn2017glx-20171025.093.coadd-ui.flm,20171025.093,Kast,3622.0,10680.0,
SN 2017hbi,sn2017hbi-20171019.455.coadd-ui.flm,20171019.455,Kast,3622.0,10670.0,
SN 2017hbi,sn2017hbi-20171025.477.coadd-ui.flm,20171025.477,Kast,3620.0,10680.0,
SN 2017hbi,sn2017hbi-20171121.429.coadd-ui.flm,20171121.429,Kast,3630.0,10708.0,
SN 2017hbi,sn2017hbi-20171218.316.coadd-ui.flm,20171218.316,Kast,3632.0,10710.0,
SN 2017hbi,sn2017hbi-20180113.316.coadd-ui.flm,20180113.316,Kast,3632.0,10680.0,
SN 2017hou,sn2017hou-20171025.441.coadd-ui.flm,20171025.441,Kast,3620.0,10680.0,
SN 2017hou,sn2017hou-20171030.460.coadd-ui.flm,20171030.46,Kast,3622.0,10702.0,
SN 2017hou,sn2017hou-20171121.383.coadd-ui.flm,20171121.383,Kast,3630.0,10710.0,
SN 2017hpa,sn2017hpa-20171030.506.coadd-ui.flm,20171030.506,Kast,3622.0,10708.0,
SN 2017hpa,sn2017hpa-20171121.352.coadd-ui.flm,20171121.352,Kast,3630.0,10710.0,
SN 2017hpa,sn2017hpa-20171212.290.coadd-ui.flm,20171212.29,Kast,3630.0,10680.0,
SN 2017hpa,sn2017hpa-20171218.359.coadd-ui.flm,20171218.359,Kast,3632.0,10710.0,
SN 2017hpa,sn2017hpa-20180113.358.coadd-ui.flm,20180113.358,Kast,3632.0,10680.0,
SN 2017igr,sn2017igr-20171212.330.coadd-ui.flm,20171212.33,Kast,3630.0,10680.0,
SN 2017iji,sn2017iji-20171121.510.coadd-ui.flm,20171121.51,Kast,3630.0,10700.0,
SN 2017iji,sn2017iji-20171212.519.coadd-ui.flm,20171212.519,Kast,3632.0,10680.0,
SN 2017iji,sn2017iji-20171216.570.coadd-ui.flm,20171216.57,Kast,3634.0,10700.0,
SN 2017iws,sn2017iws-20171218.451.coadd-ui.flm,20171218.451,Kast,3632.0,10714.0,
SN 2017ixg,sn2017ixg-20171218.275.coadd-ui.flm,20171218.275,Kast,3632.0,10704.0,
SN 2017ixg,sn2017ixg-20180113.212.coadd-ui.flm,20180113.212,Kast,3632.0,10680.0,
SN 2018gl,sn2018gl-20180209.413.coadd-ui.flm,20180209.413,Kast,3614.0,10706.0,
SN 2018gv,sn2018gv-20180209.292.coadd-ui.flm,20180209.292,Kast,3614.0,10680.0,
SN 2018pc,sn2018pc-20180209.443.coadd-ui.flm,20180209.443,Kast,3614.0,10706.0,
SN 2018pv,sn2018pv-20180209.572.coadd-ui.flm,20180209.572,Kast,3614.0,10706.0,
SN 2018oh,sn2018oh-20180209.378.coadd-ui.flm,20180209.378,Kast,3614.0,10708.0,
SN 2018aae,j122134-20180209.513.coadd-ui.flm,20180209.513,Kast,3614.0,10706.0,
SN 2018aoz,sn2018aoz-20180521.184.coadd-ui.flm,20180521.184,Kast,3626.0,10702.0,
SN 2018bsn,sn2018bsn-20180521.381.coadd-ui.flm,20180521.381,Kast,3622.0,10708.0,
SN 2018cni,sn2018cni-20180620.299.coadd-ui.flm,20180620.299,Kast,3614.0,10700.0,
SN 2018eqq,sn2018eqq-20180807.502.coadd.blotch-ui.flm,20180807.502,Kast,3602.0,10714.0,
SN 2018feb,sn2018feb-20180907.149.coadd.blotch-ui.flm,20180907.149,Kast,3614.0,10750.0,
SN 2018feb,sn2018feb-20180910.151.coadd.blotch-ui.flm,20180910.151,Kast,3612.0,10752.0,
SN 2018feb,sn2018feb-20181002.156.coadd.blotch-ui.flm,20181002.156,Kast,3614.0,10732.0,
SN 2018feb,sn2018feb-20181009.122.coadd.blotch-ui.flm,20181009.122,Kast,3614.0,10670.0,
SN 2018feb,sn2018feb-20181012.121.blotch-ui.flm,20181012.121,Kast,3618.0,10732.0,
SN 2018feb,sn2018feb-20181103.111.coadd.blotch-ui.flm,20181103.111,Kast,3614.0,10732.0,
SN 2018hfp,sn2018hfp-20181016.119.coadd.blotch-ui.flm,20181016.119000006,Kast,3614.0,10732.0,
SN 2018hfp,sn2018hfp-20181102.119.coadd.blotch-ui.flm,20181102.119000006,Kast,3616.0,10724.0,
SN 2018hfp,sn2018hfp-20181202.flm,20181202.0,LRIS,3263.5,10283.7,
SN 2018hfr,sn2018hfr-20181012.545.coadd.blotch-ui.flm,20181012.545,Kast,3620.0,10730.0,
SN 2018hfr,sn2018hfr-20181016.543.coadd.blotch-ui.flm,20181016.543,Kast,3602.0,10732.0,
SN 2018hfr,sn2018hfr-20181102.537.coadd.blotch-ui.flm,20181102.537,Kast,3616.0,10726.0,
SN 2018hhn,sn2018hhn-20181016.325.coadd.blotch-ui.flm,20181016.325,Kast,3618.0,10738.0,
SN 2018hhn,sn2018hhn-20181102.301.coadd.blotch-ui.flm,20181102.301,Kast,3616.0,10730.0,
SN 2018hhn,sn2018hhn-20181109.265.coadd.blotch-ui.flm,20181109.265,Kast,3614.0,10738.0,
SN 2018htt,sn2018htt-20181109.297.coadd.blotch-ui.flm,20181109.297,Kast,3616.0,10730.0,
SN 2018hzg,sn2018hzg-20181109.554.coadd-ui.flm,20181109.554,Kast,3616.0,10732.0,
SN 2018jaz,sn2018jaz-20181203.blotch.flm,20181203.0,LRIS,3247.01,10286.3,
